INSERT INTO companys (id, name, email) VALUES
	(1, 'uPrism', 'uprism@uprism.com'),
	(2, 'uPrism.io', 'uprism@uprism.com'),
	(3, '패스트파이브', 'uprism@uprism.com'),
	(4, 'apple', 'uprism@uprism.com'),
	(5, 'google', 'uprism@uprism.com'),
	(6, 'naver', 'uprism@uprism.com'),
	(7, 'daum', 'uprism@uprism.com'),
	(8, '카카오', 'uprism@uprism.com'),
	(9, 'LH공사', 'uprism@uprism.com'),
	(10, '애터미', 'uprism@uprism.com'),
	(11, '빙그레', 'uprism@uprism.com'),
	(12, '한국선급', 'uprism@uprism.com'),
	(13, '스타벅스', 'uprism@uprism.com'),
	(14, 'eclipse', 'uprism@uprism.com'),
	(15, '버츠비', 'uprism@uprism.com'),
	(16, '삼성', 'uprism@uprism.com'),
	(17, '코오롱', 'uprism@uprism.com'),
	(18, 'SK', 'uprism@uprism.com'),
	(19, 'KT', 'uprism@uprism.com'),
	(20, 'LG', 'uprism@uprism.com');

INSERT INTO contracts (id, max_license, contract_date, total_price, remarks, company_id) VALUES
	(1, 6, '2020-01-22', 500000, '▣ 서면계약 및 수동결제로 중도 해지가 불가능합니다.', 1),
	(2, 8, '2020-01-22', 1600000, '▣ 서면계약 및 수동결제로 중도 해지가 불가능합니다.', 2),
	(3, 10, '2020-01-22', 1000000, '▣ 서면계약 및 수동결제로 중도 해지가 불가능합니다.', 3),
	(4, 10, '2020-01-22', 180000, '▣ 서면계약 및 수동결제로 중도 해지가 불가능합니다.', 4),
	(5, 10, '2020-01-21', 150000, '▣ 서면계약 및 수동결제로 중도 해지가 불가능합니다.', 5),
	(6, 10, '2020-01-21', 190000, '▣ 서면계약 및 수동결제로 중도 해지가 불가능합니다.', 6),
	(7, 10, '2020-01-20', 2000000, '▣ 서면계약 및 수동결제로 중도 해지가 불가능합니다.', 7),
	(8, 10, '2020-01-20', 600000, '▣ 서면계약 및 수동결제로 중도 해지가 불가능합니다.', 8),
	(9, 10, '2020-01-20', 750000, '▣ 서면계약 및 수동결제로 중도 해지가 불가능합니다.', 9),
	(10, 10, '2020-01-20', 4500000, '▣ 서면계약 및 수동결제로 중도 해지가 불가능합니다.', 10),
	(11, 10, '2020-01-20', 3700000, '▣ 서면계약 및 수동결제로 중도 해지가 불가능합니다.', 11),
	(12, 10, '2020-01-20', 980000, '▣ 서면계약 및 수동결제로 중도 해지가 불가능합니다.', 12),
	(13, 10, '2020-01-18', 600000, '▣ 서면계약 및 수동결제로 중도 해지가 불가능합니다.', 13),
	(14, 10, '2020-01-18', 1450000, '▣ 서면계약 및 수동결제로 중도 해지가 불가능합니다.', 14),
	(15, 10, '2020-01-17', 856000, '▣ 서면계약 및 수동결제로 중도 해지가 불가능합니다.', 15),
	(16, 10, '2020-01-16', 780000, '▣ 서면계약 및 수동결제로 중도 해지가 불가능합니다.', 16),
	(17, 10, '2020-01-15', 255000, '▣ 서면계약 및 수동결제로 중도 해지가 불가능합니다.', 17),
	(18, 10, '2020-01-15', 754000, '▣ 서면계약 및 수동결제로 중도 해지가 불가능합니다.', 18),
	(19, 10, '2020-01-14', 545000, '▣ 서면계약 및 수동결제로 중도 해지가 불가능합니다.', 19),
	(20, 10, '2020-01-13', 1570000, '▣ 서면계약 및 수동결제로 중도 해지가 불가능합니다.', 20);

INSERT INTO payments (id, content, orders, price, remarks, contract_id) VALUES
	(1, '기본 계약금', 0, 10000, '(※ 단가 : 9,790원/년/동시접속)	', 1),
	(2, '서브도메인 및 로고 변경 제공', 1, 20000, '(※ 단가 : 9,790원/년/동시접속)', 1),
	(3, '온라인 교육 1회 제공', 2, 40000, '(※ 단가 : 9,790원/년/동시접속)', 1),
	(4, '기본 계약금', 0, 10000, '(※ 단가 : 9,790원/년/동시접속)	', 2),
	(5, '서브도메인 및 로고 변경 제공', 1, 20000, '(※ 단가 : 9,790원/년/동시접속)', 2),
	(6, '온라인 교육 1회 제공', 2, 40000, '(※ 단가 : 9,790원/년/동시접속)', 2),
	(7, '기본 계약금', 0, 10000, '(※ 단가 : 9,790원/년/동시접속)	', 3),
	(8, '서브도메인 및 로고 변경 제공', 1, 20000, '(※ 단가 : 9,790원/년/동시접속)', 3),
	(9, '온라인 교육 1회 제공', 2, 40000, '(※ 단가 : 9,790원/년/동시접속)', 3),
	(10, '기본 계약금', 0, 10000, '(※ 단가 : 9,790원/년/동시접속)	', 4),
	(11, '서브도메인 및 로고 변경 제공', 1, 20000, '(※ 단가 : 9,790원/년/동시접속)', 4),
	(12, '온라인 교육 1회 제공', 2, 40000, '(※ 단가 : 9,790원/년/동시접속)', 4),
	(13, '기본 계약금', 0, 10000, '(※ 단가 : 9,790원/년/동시접속)	', 5),
	(14, '서브도메인 및 로고 변경 제공', 1, 20000, '(※ 단가 : 9,790원/년/동시접속)', 5),
	(15, '온라인 교육 1회 제공', 2, 40000, '(※ 단가 : 9,790원/년/동시접속)', 5),
	(16, '기본 계약금', 0, 10000, '(※ 단가 : 9,790원/년/동시접속)	', 6),
	(17, '서브도메인 및 로고 변경 제공', 1, 20000, '(※ 단가 : 9,790원/년/동시접속)', 6),
	(18, '온라인 교육 1회 제공', 2, 40000, '(※ 단가 : 9,790원/년/동시접속)', 6),
	(19, '기본 계약금', 0, 10000, '(※ 단가 : 9,790원/년/동시접속)	', 7),
	(20, '서브도메인 및 로고 변경 제공', 1, 20000, '(※ 단가 : 9,790원/년/동시접속)', 7),
	(21, '온라인 교육 1회 제공', 2, 40000, '(※ 단가 : 9,790원/년/동시접속)', 7),
	(22, '기본 계약금', 0, 10000, '(※ 단가 : 9,790원/년/동시접속)	', 8),
	(23, '서브도메인 및 로고 변경 제공', 1, 20000, '(※ 단가 : 9,790원/년/동시접속)', 8),
	(24, '온라인 교육 1회 제공', 2, 40000, '(※ 단가 : 9,790원/년/동시접속)', 8),
	(25, '기본 계약금', 0, 10000, '(※ 단가 : 9,790원/년/동시접속)	', 9),
	(26, '서브도메인 및 로고 변경 제공', 1, 20000, '(※ 단가 : 9,790원/년/동시접속)', 9),
	(27, '온라인 교육 1회 제공', 2, 40000, '(※ 단가 : 9,790원/년/동시접속)', 9),
	(28, '기본 계약금', 0, 10000, '(※ 단가 : 9,790원/년/동시접속)	', 10),
	(29, '서브도메인 및 로고 변경 제공', 1, 20000, '(※ 단가 : 9,790원/년/동시접속)', 10),
	(30, '온라인 교육 1회 제공', 2, 40000, '(※ 단가 : 9,790원/년/동시접속)', 10),
	(31, '기본 계약금', 0, 10000, '(※ 단가 : 9,790원/년/동시접속)	', 11),
	(32, '서브도메인 및 로고 변경 제공', 1, 20000, '(※ 단가 : 9,790원/년/동시접속)', 11),
	(33, '온라인 교육 1회 제공', 2, 40000, '(※ 단가 : 9,790원/년/동시접속)', 11),
	(34, '기본 계약금', 0, 10000, '(※ 단가 : 9,790원/년/동시접속)	', 12),
	(35, '서브도메인 및 로고 변경 제공', 1, 20000, '(※ 단가 : 9,790원/년/동시접속)', 12),
	(36, '온라인 교육 1회 제공', 2, 40000, '(※ 단가 : 9,790원/년/동시접속)', 12),
	(37, '기본 계약금', 0, 10000, '(※ 단가 : 9,790원/년/동시접속)	', 13),
	(38, '서브도메인 및 로고 변경 제공', 1, 20000, '(※ 단가 : 9,790원/년/동시접속)', 13),
	(39, '온라인 교육 1회 제공', 2, 40000, '(※ 단가 : 9,790원/년/동시접속)', 13),
	(40, '기본 계약금', 0, 10000, '(※ 단가 : 9,790원/년/동시접속)	', 14),
	(41, '서브도메인 및 로고 변경 제공', 1, 20000, '(※ 단가 : 9,790원/년/동시접속)', 14),
	(42, '온라인 교육 1회 제공', 2, 40000, '(※ 단가 : 9,790원/년/동시접속)', 14),
	(43, '기본 계약금', 0, 10000, '(※ 단가 : 9,790원/년/동시접속)	', 15),
	(44, '서브도메인 및 로고 변경 제공', 1, 20000, '(※ 단가 : 9,790원/년/동시접속)', 15),
	(45, '온라인 교육 1회 제공', 2, 40000, '(※ 단가 : 9,790원/년/동시접속)', 15),
	(46, '기본 계약금', 0, 10000, '(※ 단가 : 9,790원/년/동시접속)	', 16),
	(47, '서브도메인 및 로고 변경 제공', 1, 20000, '(※ 단가 : 9,790원/년/동시접속)', 16),
	(48, '온라인 교육 1회 제공', 2, 40000, '(※ 단가 : 9,790원/년/동시접속)', 16),
	(49, '기본 계약금', 0, 10000, '(※ 단가 : 9,790원/년/동시접속)	', 17),
	(50, '서브도메인 및 로고 변경 제공', 1, 20000, '(※ 단가 : 9,790원/년/동시접속)', 17),
	(51, '온라인 교육 1회 제공', 2, 40000, '(※ 단가 : 9,790원/년/동시접속)', 17),
	(52, '기본 계약금', 0, 10000, '(※ 단가 : 9,790원/년/동시접속)	', 18),
	(53, '서브도메인 및 로고 변경 제공', 1, 20000, '(※ 단가 : 9,790원/년/동시접속)', 18),
	(54, '온라인 교육 1회 제공', 2, 40000, '(※ 단가 : 9,790원/년/동시접속)', 18),
	(55, '기본 계약금', 0, 10000, '(※ 단가 : 9,790원/년/동시접속)	', 19),
	(56, '서브도메인 및 로고 변경 제공', 1, 20000, '(※ 단가 : 9,790원/년/동시접속)', 19),
	(57, '온라인 교육 1회 제공', 2, 40000, '(※ 단가 : 9,790원/년/동시접속)', 19),
	(58, '기본 계약금', 0, 10000, '(※ 단가 : 9,790원/년/동시접속)	', 20),
	(59, '서브도메인 및 로고 변경 제공', 1, 20000, '(※ 단가 : 9,790원/년/동시접속)', 20),
	(60, '온라인 교육 1회 제공', 2, 40000, '(※ 단가 : 9,790원/년/동시접속)', 20);